[
  { "id": 1, "name": "An Giang" },
  { "id": 2, "name": "Bà Rịa - Vũng Tàu" },
  { "id": 3, "name": "Bắc Giang" },
  { "id": 4, "name": "Bắc Kạn" },
  { "id": 5, "name": "Bạc Liêu" },
  { "id": 6, "name": "Bắc Ninh" },
  { "id": 7, "name": "Bến Tre" },
  { "id": 8, "name": "Bình Định" },
  { "id": 9, "name": "Bình Dương" },
  { "id": 10, "name": "Bình Phước" },
  { "id": 11, "name": "Bình Thuận" },
  { "id": 12, "name": "Cà Mau" },
  { "id": 13, "name": "Cao Bằng" },
  { "id": 14, "name": "Đắk Lắk" },
  { "id": 15, "name": "Đắk Nông" },
  { "id": 16, "name": "Điện Biên" },
  { "id": 17, "name": "Đồng Nai" },
  { "id": 18, "name": "Đồng Tháp" },
  { "id": 19, "name": "Gia Lai" },
  { "id": 20, "name": "Hà Giang" },
  { "id": 21, "name": "Hà Nam" },
  { "id": 22, "name": "Hà Nội" },
  { "id": 23, "name": "Hà Tĩnh" },
  { "id": 24, "name": "Hải Dương" },
  { "id": 25, "name": "Hải Phòng" },
  { "id": 26, "name": "Hậu Giang" },
  { "id": 27, "name": "Hòa Bình" },
  { "id": 28, "name": "Hưng Yên" },
  { "id": 29, "name": "Khánh Hòa" },
  { "id": 30, "name": "Kiên Giang" },
  { "id": 31, "name": "Kon Tum" },
  { "id": 32, "name": "Lai Châu" },
  { "id": 33, "name": "Lâm Đồng" },
  { "id": 34, "name": "Lạng Sơn" },
  { "id": 35, "name": "Lào Cai" },
  { "id": 36, "name": "Long An" },
  { "id": 37, "name": "Nam Định" },
  { "id": 38, "name": "Nghệ An" },
  { "id": 39, "name": "Ninh Bình" },
  { "id": 40, "name": "Ninh Thuận" },
  { "id": 41, "name": "Phú Thọ" },
  { "id": 42, "name": "Phú Yên" },
  { "id": 43, "name": "Quảng Bình" },
  { "id": 44, "name": "Quảng Nam" },
  { "id": 45, "name": "Quảng Ngãi" },
  { "id": 46, "name": "Quảng Ninh" },
  { "id": 47, "name": "Quảng Trị" },
  { "id": 48, "name": "Sóc Trăng" },
  { "id": 49, "name": "Sơn La" },
  { "id": 50, "name": "Tây Ninh" },
  { "id": 51, "name": "Thái Bình" },
  { "id": 52, "name": "Thái Nguyên" },
  { "id": 53, "name": "Thanh Hóa" },
  { "id": 54, "name": "Thừa Thiên Huế" },
  { "id": 55, "name": "Tiền Giang" },
  { "id": 56, "name": "TP Hồ Chí Minh" },
  { "id": 57, "name": "Trà Vinh" },
  { "id": 58, "name": "Tuyên Quang" },
  { "id": 59, "name": "Vĩnh Long" },
  { "id": 60, "name": "Vĩnh Phúc" },
  { "id": 61, "name": "Yên Bái" },
  { "id": 62, "name": "Đà Nẵng" },
  { "id": 63, "name": "Cần Thơ" }
]
